S/N,Name,Regno,Level,Age
1,Fred,1,HND2,20
2,Mike,2,HND3,21
3,Isaac,3,HND4,22
4,Petr,4,HND5,23
5,Alfred,5,HND6,24
6,Ella,6,HND7,25
7,Simeon,7,HND8,26
8,Bob,8,HND9,27
9,Don,9,HND10,27
10,Isaac,10,HND11,27
11,Peter,11,HND12,27
12,Fred,12,HND13,27
13,Isaaac,13,HND14,27
14,Bible,14,HND15,27
15,Billy,15,HND16,27
16,Nina,16,HND17,27
17,Simmons,17,HND18,27
18,Alice,18,HND19,27
19,Vera,19,HND20,27
20,Veras,20,HND21,27
21,Greg,21,HND22,27
22,Rob,22,HND23,27
23,Rob,23,HND24,27
24,Harry,24,HND25,27
25,Queen,25,HND26,27
26,Saul,26,HND27,27
27,Pail,27,HND28,27
28,Paul,28,HND29,27
29,Bright,29,HND30,27
30,Ella,30,HND31,27
31,Saul,31,HND32,27
32,Ella,32,HND33,27
33,Queen,33,HND34,27
34,Saul,34,HND35,27
35,Rob,35,HND36,27
36,Alice,36,HND37,27
37,Alice,37,HND38,27
38,Alice,38,HND39,27
39,Alice,39,HND40,27
40,Alice,40,HND41,27
41,Alice,41,HND42,27
42,Alice,42,HND43,27
43,Alice,43,HND44,27
44,Alice,44,HND45,27
45,Alice,45,HND46,27
46,Alice,46,HND47,27
47,Alice,47,HND48,27
48,Alice,48,HND49,27
49,Alice,49,HND50,27
50,Alice,50,HND51,27
51,Alice,51,HND52,27
52,Alice,52,HND53,27
53,Alice,53,HND54,27
54,Alice,54,HND55,27
55,Alice,55,HND56,27
56,Alice,56,HND57,27
57,Alice,57,HND58,27
58,Alice,58,HND59,27
59,Alice,59,HND60,27
60,Alice,60,HND61,27
61,Alice,61,HND62,27
62,Alice,62,HND63,27
63,Alice,63,HND64,27
64,Alice,64,HND65,27
65,Alice,65,HND66,27
66,Alice,66,HND67,27
67,Alice,67,HND68,27
68,Alice,68,HND69,27
69,Alice,69,HND70,27
70,Alice,70,HND71,27
71,Alice,71,HND72,27
72,Alice,72,HND73,27
73,Alice,73,HND74,27
74,Alice,74,HND75,27
75,Alice,75,HND76,27
76,Alice,76,HND77,27
77,Alice,77,HND78,27
78,Alice,78,HND79,27
79,Alice,79,HND80,27
80,Alice,80,HND81,27
81,Alice,81,HND82,27
82,Alice,82,HND83,27
83,Alice,83,HND84,27
84,Alice,84,HND85,27
85,Alice,85,HND86,27
86,Alice,86,HND87,27
87,Alice,87,HND88,27
88,Alice,88,HND89,27
89,Alice,89,HND90,27
90,Alice,90,HND91,27
91,Alia,91,HND92,27
92,Hamza,92,HND93,27
93,Pedro,93,HND94,27
94,Pablo,94,HND95,27
95,Ibrahim,95,HND96,27
96,Isabel,96,HND97,27
97,Moses,97,HND98,27
98,Esther,98,HND99,27
99,Isaih,99,HND100,27
100,Giba,100,HND101,27
101,Garter,101,HND102,27
102,Mary,102,HND103,27
103,Maia,103,HND104,27
104,Visha,104,HND105,27
105,Arun,105,HND106,27
106,Pablo,106,HND107,27
107,Juan,107,HND108,27
108,Todd,108,HND109,27
109,Michel,109,HND110,27
110,Mica,110,HND111,27
111,Jabe,111,HND112,27
112,Kairos,112,HND113,27
113,Kerry,113,HND114,27
114,Numa,114,HND115,27
115,Naya,115,HND116,27
116,Mercy,116,HND117,27
117,Jerry,117,HND118,27
118,Jaobs,118,HND119,27
119,Simeon,119,HND120,27
120,Alice,120,HND121,27
121,Harry,121,HND122,27
122,Ernest,122,HND123,27
123,martin,123,HND124,27
124,Fidia,124,HND125,27
125,Gilia,125,HND126,27
126,Alice,126,HND127,27
127,Fery,127,HND128,27
128,Damain,128,HND129,27
129,Diro,129,HND130,27
130,Danny,129,HND131,27
131,Ferry,129,HND132,27
132,Alice,129,HND133,27
133,Alice,129,HND134,27
134,Alice,129,HND135,27
135,Alice,129,HND136,27
136,Alice,129,HND137,27
137,Alice,129,HND138,27
138,Alice,129,HND139,27
139,Alice,129,HND140,27
140,Alice,129,HND141,27
141,Alice,129,HND142,27
142,Alice,129,HND143,27
143,Alice,129,HND144,27
144,Alice,129,HND145,27
145,Alice,129,HND146,27
146,Alice,129,HND147,27
147,Alice,129,HND148,27
148,Alice,129,HND149,27
149,Alice,129,HND150,27
150,Alice,129,HND151,27
151,Alice,129,HND152,27
152,Alice,129,HND153,27
153,Alice,129,HND154,27
154,Alice,129,HND155,27
155,Alice,129,HND156,27
156,Alice,129,HND157,27
157,Alice,129,HND158,27
158,Alice,129,HND159,27
159,Alice,129,HND160,27
160,Alice,129,HND161,27
161,Alice,129,HND162,27
162,Alice,129,HND163,27
163,Alice,129,HND164,27
164,Alice,129,HND165,27
165,Alice,129,HND166,27
166,Alice,129,HND167,27
167,Alice,129,HND168,27
168,Alice,168,HND169,27
169,Alice,169,HND170,27
170,Alice,170,HND171,27
171,Alice,171,HND172,27
172,Alice,172,HND173,27
173,Alice,173,HND174,27
174,Alice,174,HND175,27
175,Alice,175,HND176,27
176,Alice,176,HND177,27
177,Alice,177,HND178,27
178,Alice,178,HND179,27
179,Alice,179,HND180,27
180,Alice,180,HND181,27
181,Alice,181,HND182,27
182,Alice,182,HND183,27
183,Alice,183,HND184,27
184,Alice,184,HND185,27
185,Alice,185,HND186,27
186,Alice,186,HND187,27
187,Pedra,187,HND188,27
188,Eben,188,HND189,27
189,Vishal,189,HND190,27
190,Mathew,190,HND191,27
191,John,191,HND192,27
192,Marcus,192,HND193,27
193,Gabby,193,HND194,27
194,Hary,194,HND195,27
195,Hammm,195,HND196,27
196,Gabby,196,HND197,27
197,Alice,197,HND198,27
198,Vera,198,HND199,27
199,Helios,199,HND200,27
200,Paul,200,HND201,27
201,Paul,200,HND2,23
202,Paul,200,HND3,23
203,Paul,200,HND4,23
204,Paul,200,HND5,23
205,Paul,200,HND6,23
206,Paul,200,HND7,23
207,Paul,200,HND8,23
208,Paul,200,HND9,23
209,Paul,200,HND10,23
210,Paul,200,HND11,23
211,Paul,200,HND12,23
212,Paul,200,HND13,25
213,Paul,200,HND14,25
214,Paul,200,HND15,30
215,Paul,200,HND16,30
216,Paul,200,HND17,30
217,Paul,200,HND18,30
218,Paul,200,HND19,30
219,Paul,200,HND20,30
220,Paul,200,HND21,30
221,Paul,200,HND22,30
222,Paul,200,HND23,30
223,Paul,200,HND24,30
224,Paul,200,HND25,30
225,Paul,200,HND26,30
226,Paul,200,HND27,30
227,Paul,200,HND28,30
228,Paul,200,HND29,30
229,Paul,200,HND30,35
230,Paul,200,HND31,35
231,Paul,200,HND32,35
232,Paul,200,HND33,35
233,Paul,200,HND34,35
234,Paul,200,HND35,35
235,Paul,200,HND36,35
236,Paul,200,HND37,35
237,Paul,200,HND38,35
238,Paul,200,HND39,35
239,Paul,200,HND40,35
240,Paul,200,HND41,35
241,Paul,200,HND42,35
242,Paul,200,HND43,35
243,Paul,200,HND44,25
244,Paul,200,HND45,25
245,Paul,200,HND46,25
246,Paul,200,HND47,25
247,Paul,200,HND48,25
248,Paul,200,HND49,25
249,Paul,200,HND50,25
250,Paul,200,HND51,25
251,Paul,200,HND52,25
252,Paul,200,HND53,25
253,Paul,200,HND54,25
254,Paul,200,HND55,25
255,Paul,200,HND56,25
256,Paul,200,HND57,25
257,Paul,200,HND58,25
258,Paul,200,HND59,25
259,Paul,200,HND60,25
260,Paul,200,HND61,25
261,Paul,200,HND62,25
262,Paul,200,HND63,25
263,Paul,200,HND64,25
264,Paul,200,HND65,25
265,Paul,200,HND66,25
266,Paul,200,HND67,25
267,Paul,200,HND68,26
268,Paul,200,HND69,26
269,Paul,200,HND70,26
270,Paul,200,HND71,26
271,Paul,200,HND72,26
272,Paul,200,HND73,26
273,Paul,200,HND74,26
274,Paul,200,HND75,26
275,Paul,200,HND76,26
276,Paul,200,HND77,26
277,Paul,200,HND78,26
278,Paul,200,HND79,26
279,Paul,200,HND80,26
280,Paul,200,HND81,26
281,Paul,200,HND82,26
282,Paul,200,HND83,26
283,Paul,200,HND84,26
284,Paul,200,HND85,26
285,Paul,200,HND86,23
286,Paul,200,HND87,23
287,Paul,200,HND88,23
288,Paul,200,HND89,23
289,Paul,200,HND90,23
290,Paul,200,HND91,23
291,Paul,200,HND92,23
292,Paul,200,HND93,23
293,Paul,200,HND94,23
294,Paul,200,HND95,23
295,Paul,200,HND96,23
296,Paul,200,HND97,23
297,Paul,200,HND98,23
298,Paul,200,HND99,23
299,Paul,200,HND100,23
300,Paul,200,HND101,23
